0,0,290,0,0,0
0,-1,290,0,0,0
0,-2,290,0,0,0
0,-3,290,0,0,0
0,-4,290,0,0,0
0,-5,290,0,0,0
0,-6,290,0,0,0
0,-7,290,0,0,0
0,-8,290,0,0,0
0,-9,290,0,0,0
0,-10,290,0,0,0
0,-11,290,0,0,0
0,-12,290,0,0,0
0,-13,290,0,0,0
0,-14,290,0,0,0
0,-15,290,0,0,0
0,-16,290,0,0,0
0,-17,290,0,0,0
0,-18,290,0,0,0
0,-19,290,0,0,0
0,-20,290,0,0,0
0,-21,290,0,0,0
0,-22,290,0,0,0
0,-23,290,0,0,0
0,-24,290,0,0,0
0,-25,290,0,0,0
0,-26,290,0,0,0
0,-27,290,0,0,0
0,-28,290,0,0,0
0,-29,290,0,0,0
0,-30,290,0,0,0
0,-31,290,0,0,0
0,-32,290,0,0,0
0,-33,290,0,0,0
0,-34,290,0,0,0
0,-35,290,0,0,0
0,-36,290,0,0,0
0,-37,290,0,0,0
0,-38,290,0,0,0
0,-39,290,0,0,0
0,-40,290,0,0,0
0,-41,290,0,0,0
0,-42,290,0,0,0
0,-43,290,0,0,0
0,-44,290,0,0,0
0,-45,290,0,0,0
0,-46,290,0,0,0
0,-47,290,0,0,0
0,-48,290,0,0,0
0,-49,290,0,0,0
0,-50,290,0,0,0
-1,0,290,0,0,0
-1,-1,290,0,0,0
-1,-2,290,0,0,0
-1,-3,290,0,0,0
-1,-4,290,0,0,0
-1,-5,290,0,0,0
-1,-6,290,0,0,0
-1,-7,290,0,0,0
-1,-8,290,0,0,0
-1,-9,290,0,0,0
-1,-10,290,0,0,0
-1,-11,290,0,0,0
-1,-12,290,0,0,0
-1,-13,290,0,0,0
-1,-14,290,0,0,0
-1,-15,290,0,0,0
-1,-16,290,0,0,0
-1,-17,290,0,0,0
-1,-18,290,0,0,0
-1,-19,290,0,0,0
-1,-20,290,0,0,0
-1,-21,290,0,0,0
-1,-22,290,0,0,0
-1,-23,290,0,0,0
-1,-24,290,0,0,0
-1,-25,290,0,0,0
-1,-26,290,0,0,0
-1,-27,290,0,0,0
-1,-28,290,0,0,0
-1,-29,290,0,0,0
-1,-30,290,0,0,0
-1,-31,290,0,0,0
-1,-32,290,0,0,0
-1,-33,290,0,0,0
-1,-34,290,0,0,0
-1,-35,290,0,0,0
-1,-36,290,0,0,0
-1,-37,290,0,0,0
-1,-38,290,0,0,0
-1,-39,290,0,0,0
-1,-40,290,0,0,0
-1,-41,290,0,0,0
-1,-42,290,0,0,0
-1,-43,290,0,0,0
-1,-44,290,0,0,0
-1,-45,290,0,0,0
-1,-46,290,0,0,0
-1,-47,290,0,0,0
-1,-48,290,0,0,0
-1,-49,290,0,0,0
-1,-50,290,0,0,0
-2,0,290,0,0,0
-2,-1,290,0,0,0
-2,-2,290,0,0,0
-2,-3,290,0,0,0
-2,-4,290,0,0,0
-2,-5,290,0,0,0
-2,-6,290,0,0,0
-2,-7,290,0,0,0
-2,-8,290,0,0,0
-2,-9,290,0,0,0
-2,-10,290,0,0,0
-2,-11,290,0,0,0
-2,-12,290,0,0,0
-2,-13,290,0,0,0
-2,-14,290,0,0,0
-2,-15,290,0,0,0
-2,-16,290,0,0,0
-2,-17,290,0,0,0
-2,-18,290,0,0,0
-2,-19,290,0,0,0
-2,-20,290,0,0,0
-2,-21,290,0,0,0
-2,-22,290,0,0,0
-2,-23,290,0,0,0
-2,-24,290,0,0,0
-2,-25,290,0,0,0
-2,-26,290,0,0,0
-2,-27,290,0,0,0
-2,-28,290,0,0,0
-2,-29,290,0,0,0
-2,-30,290,0,0,0
-2,-31,290,0,0,0
-2,-32,290,0,0,0
-2,-33,290,0,0,0
-2,-34,290,0,0,0
-2,-35,290,0,0,0
-2,-36,290,0,0,0
-2,-37,290,0,0,0
-2,-38,290,0,0,0
-2,-39,290,0,0,0
-2,-40,290,0,0,0
-2,-41,290,0,0,0
-2,-42,290,0,0,0
-2,-43,290,0,0,0
-2,-44,290,0,0,0
-2,-45,290,0,0,0
-2,-46,290,0,0,0
-2,-47,290,0,0,0
-2,-48,290,0,0,0
-2,-49,290,0,0,0
-2,-50,290,0,0,0
-3,0,290,0,0,0
-3,-1,290,0,0,0
-3,-2,290,0,0,0
-3,-3,290,0,0,0
-3,-4,290,0,0,0
-3,-5,290,0,0,0
-3,-6,290,0,0,0
-3,-7,290,0,0,0
-3,-8,290,0,0,0
-3,-9,290,0,0,0
-3,-10,290,0,0,0
-3,-11,290,0,0,0
-3,-12,290,0,0,0
-3,-13,290,0,0,0
-3,-14,290,0,0,0
-3,-15,290,0,0,0
-3,-16,290,0,0,0
-3,-17,290,0,0,0
-3,-18,290,0,0,0
-3,-19,290,0,0,0
-3,-20,290,0,0,0
-3,-21,290,0,0,0
-3,-22,290,0,0,0
-3,-23,290,0,0,0
-3,-24,290,0,0,0
-3,-25,290,0,0,0
-3,-26,290,0,0,0
-3,-27,290,0,0,0
-3,-28,290,0,0,0
-3,-29,290,0,0,0
-3,-30,290,0,0,0
-3,-31,290,0,0,0
-3,-32,290,0,0,0
-3,-33,290,0,0,0
-3,-34,290,0,0,0
-3,-35,290,0,0,0
-3,-36,290,0,0,0
-3,-37,290,0,0,0
-3,-38,290,0,0,0
-3,-39,290,0,0,0
-3,-40,290,0,0,0
-3,-41,290,0,0,0
-3,-42,290,0,0,0
-3,-43,290,0,0,0
-3,-44,290,0,0,0
-3,-45,290,0,0,0
-3,-46,290,0,0,0
-3,-47,290,0,0,0
-3,-48,290,0,0,0
-3,-49,290,0,0,0
-3,-50,290,0,0,0
-4,0,290,0,0,0
-4,-1,290,0,0,0
-4,-2,290,0,0,0
-4,-3,290,0,0,0
-4,-4,290,0,0,0
-4,-5,290,0,0,0
-4,-6,290,0,0,0
-4,-7,290,0,0,0
-4,-8,290,0,0,0
-4,-9,290,0,0,0
-4,-10,290,0,0,0
-4,-11,290,0,0,0
-4,-12,290,0,0,0
-4,-13,290,0,0,0
-4,-14,290,0,0,0
-4,-15,290,0,0,0
-4,-16,290,0,0,0
-4,-17,290,0,0,0
-4,-18,290,0,0,0
-4,-19,290,0,0,0
-4,-20,290,0,0,0
-4,-21,290,0,0,0
-4,-22,290,0,0,0
-4,-23,290,0,0,0
-4,-24,290,0,0,0
-4,-25,290,0,0,0
-4,-26,290,0,0,0
-4,-27,290,0,0,0
-4,-28,290,0,0,0
-4,-29,290,0,0,0
-4,-30,290,0,0,0
-4,-31,290,0,0,0
-4,-32,290,0,0,0
-4,-33,290,0,0,0
-4,-34,290,0,0,0
-4,-35,290,0,0,0
-4,-36,290,0,0,0
-4,-37,290,0,0,0
-4,-38,290,0,0,0
-4,-39,290,0,0,0
-4,-40,290,0,0,0
-4,-41,290,0,0,0
-4,-42,290,0,0,0
-4,-43,290,0,0,0
-4,-44,290,0,0,0
-4,-45,290,0,0,0
-4,-46,290,0,0,0
-4,-47,290,0,0,0
-4,-48,290,0,0,0
-4,-49,290,0,0,0
-4,-50,290,0,0,0
-5,0,290,0,0,0
-5,-1,290,0,0,0
-5,-2,290,0,0,0
-5,-3,290,0,0,0
-5,-4,290,0,0,0
-5,-5,290,0,0,0
-5,-6,290,0,0,0
-5,-7,290,0,0,0
-5,-8,290,0,0,0
-5,-9,290,0,0,0
-5,-10,290,0,0,0
-5,-11,290,0,0,0
-5,-12,290,0,0,0
-5,-13,290,0,0,0
-5,-14,290,0,0,0
-5,-15,290,0,0,0
-5,-16,290,0,0,0
-5,-17,290,0,0,0
-5,-18,290,0,0,0
-5,-19,290,0,0,0
-5,-20,290,0,0,0
-5,-21,290,0,0,0
-5,-22,290,0,0,0
-5,-23,290,0,0,0
-5,-24,290,0,0,0
-5,-25,290,0,0,0
-5,-26,290,0,0,0
-5,-27,290,0,0,0
-5,-28,290,0,0,0
-5,-29,290,0,0,0
-5,-30,290,0,0,0
-5,-31,290,0,0,0
-5,-32,290,0,0,0
-5,-33,290,0,0,0
-5,-34,290,0,0,0
-5,-35,290,0,0,0
-5,-36,290,0,0,0
-5,-37,290,0,0,0
-5,-38,290,0,0,0
-5,-39,290,0,0,0
-5,-40,290,0,0,0
-5,-41,290,0,0,0
-5,-42,290,0,0,0
-5,-43,290,0,0,0
-5,-44,290,0,0,0
-5,-45,290,0,0,0
-5,-46,290,0,0,0
-5,-47,290,0,0,0
-5,-48,290,0,0,0
-5,-49,290,0,0,0
-5,-50,290,0,0,0
-6,0,290,0,0,0
-6,-1,290,0,0,0
-6,-2,290,0,0,0
-6,-3,290,0,0,0
-6,-4,290,0,0,0
-6,-5,290,0,0,0
-6,-6,290,0,0,0
-6,-7,290,0,0,0
-6,-8,290,0,0,0
-6,-9,290,0,0,0
-6,-10,290,0,0,0
-6,-11,290,0,0,0
-6,-12,290,0,0,0
-6,-13,290,0,0,0
-6,-14,290,0,0,0
-6,-15,290,0,0,0
-6,-16,290,0,0,0
-6,-17,290,0,0,0
-6,-18,290,0,0,0
-6,-19,290,0,0,0
-6,-20,290,0,0,0
-6,-21,290,0,0,0
-6,-22,290,0,0,0
-6,-23,290,0,0,0
-6,-24,290,0,0,0
-6,-25,290,0,0,0
-6,-26,290,0,0,0
-6,-27,290,0,0,0
-6,-28,290,0,0,0
-6,-29,290,0,0,0
-6,-30,290,0,0,0
-6,-31,290,0,0,0
-6,-32,290,0,0,0
-6,-33,290,0,0,0
-6,-34,290,0,0,0
-6,-35,290,0,0,0
-6,-36,290,0,0,0
-6,-37,290,0,0,0
-6,-38,290,0,0,0
-6,-39,290,0,0,0
-6,-40,290,0,0,0
-6,-41,290,0,0,0
-6,-42,290,0,0,0
-6,-43,290,0,0,0
-6,-44,290,0,0,0
-6,-45,290,0,0,0
-6,-46,290,0,0,0
-6,-47,290,0,0,0
-6,-48,290,0,0,0
-6,-49,290,0,0,0
-6,-50,290,0,0,0
-7,0,290,0,0,0
-7,-1,290,0,0,0
-7,-2,290,0,0,0
-7,-3,290,0,0,0
-7,-4,290,0,0,0
-7,-5,290,0,0,0
-7,-6,290,0,0,0
-7,-7,290,0,0,0
-7,-8,290,0,0,0
-7,-9,290,0,0,0
-7,-10,290,0,0,0
-7,-11,290,0,0,0
-7,-12,290,0,0,0
-7,-13,290,0,0,0
-7,-14,290,0,0,0
-7,-15,290,0,0,0
-7,-16,290,0,0,0
-7,-17,290,0,0,0
-7,-18,290,0,0,0
-7,-19,290,0,0,0
-7,-20,290,0,0,0
-7,-21,290,0,0,0
-7,-22,290,0,0,0
-7,-23,290,0,0,0
-7,-24,290,0,0,0
-7,-25,290,0,0,0
-7,-26,290,0,0,0
-7,-27,290,0,0,0
-7,-28,290,0,0,0
-7,-29,290,0,0,0
-7,-30,290,0,0,0
-7,-31,290,0,0,0
-7,-32,290,0,0,0
-7,-33,290,0,0,0
-7,-34,290,0,0,0
-7,-35,290,0,0,0
-7,-36,290,0,0,0
-7,-37,290,0,0,0
-7,-38,290,0,0,0
-7,-39,290,0,0,0
-7,-40,290,0,0,0
-7,-41,290,0,0,0
-7,-42,290,0,0,0
-7,-43,290,0,0,0
-7,-44,290,0,0,0
-7,-45,290,0,0,0
-7,-46,290,0,0,0
-7,-47,290,0,0,0
-7,-48,290,0,0,0
-7,-49,290,0,0,0
-7,-50,290,0,0,0
-8,0,290,0,0,0
-8,-1,290,0,0,0
-8,-2,290,0,0,0
-8,-3,290,0,0,0
-8,-4,290,0,0,0
-8,-5,290,0,0,0
-8,-6,290,0,0,0
-8,-7,290,0,0,0
-8,-8,290,0,0,0
-8,-9,290,0,0,0
-8,-10,290,0,0,0
-8,-11,290,0,0,0
-8,-12,290,0,0,0
-8,-13,290,0,0,0
-8,-14,290,0,0,0
-8,-15,290,0,0,0
-8,-16,290,0,0,0
-8,-17,290,0,0,0
-8,-18,290,0,0,0
-8,-19,290,0,0,0
-8,-20,290,0,0,0
-8,-21,290,0,0,0
-8,-22,290,0,0,0
-8,-23,290,0,0,0
-8,-24,290,0,0,0
-8,-25,290,0,0,0
-8,-26,290,0,0,0
-8,-27,290,0,0,0
-8,-28,290,0,0,0
-8,-29,290,0,0,0
-8,-30,290,0,0,0
-8,-31,290,0,0,0
-8,-32,290,0,0,0
-8,-33,290,0,0,0
-8,-34,290,0,0,0
-8,-35,290,0,0,0
-8,-36,290,0,0,0
-8,-37,290,0,0,0
-8,-38,290,0,0,0
-8,-39,290,0,0,0
-8,-40,290,0,0,0
-8,-41,290,0,0,0
-8,-42,290,0,0,0
-8,-43,290,0,0,0
-8,-44,290,0,0,0
-8,-45,290,0,0,0
-8,-46,290,0,0,0
-8,-47,290,0,0,0
-8,-48,290,0,0,0
-8,-49,290,0,0,0
-8,-50,290,0,0,0
-9,0,290,0,0,0
-9,-1,290,0,0,0
-9,-2,290,0,0,0
-9,-3,290,0,0,0
-9,-4,290,0,0,0
-9,-5,290,0,0,0
-9,-6,290,0,0,0
-9,-7,290,0,0,0
-9,-8,290,0,0,0
-9,-9,290,0,0,0
-9,-10,290,0,0,0
-9,-11,290,0,0,0
-9,-12,290,0,0,0
-9,-13,290,0,0,0
-9,-14,290,0,0,0
-9,-15,290,0,0,0
-9,-16,290,0,0,0
-9,-17,290,0,0,0
-9,-18,290,0,0,0
-9,-19,290,0,0,0
-9,-20,290,0,0,0
-9,-21,290,0,0,0
-9,-22,290,0,0,0
-9,-23,290,0,0,0
-9,-24,290,0,0,0
-9,-25,290,0,0,0
-9,-26,290,0,0,0
-9,-27,290,0,0,0
-9,-28,290,0,0,0
-9,-29,290,0,0,0
-9,-30,290,0,0,0
-9,-31,290,0,0,0
-9,-32,290,0,0,0
-9,-33,290,0,0,0
-9,-34,290,0,0,0
-9,-35,290,0,0,0
-9,-36,290,0,0,0
-9,-37,290,0,0,0
-9,-38,290,0,0,0
-9,-39,290,0,0,0
-9,-40,290,0,0,0
-9,-41,290,0,0,0
-9,-42,290,0,0,0
-9,-43,290,0,0,0
-9,-44,290,0,0,0
-9,-45,290,0,0,0
-9,-46,290,0,0,0
-9,-47,290,0,0,0
-9,-48,290,0,0,0
-9,-49,290,0,0,0
-9,-50,290,0,0,0
-10,0,290,0,0,0
-10,-1,290,0,0,0
-10,-2,290,0,0,0
-10,-3,290,0,0,0
-10,-4,290,0,0,0
-10,-5,290,0,0,0
-10,-6,290,0,0,0
-10,-7,290,0,0,0
-10,-8,290,0,0,0
-10,-9,290,0,0,0
-10,-10,290,0,0,0
-10,-11,290,0,0,0
-10,-12,290,0,0,0
-10,-13,290,0,0,0
-10,-14,290,0,0,0
-10,-15,290,0,0,0
-10,-16,290,0,0,0
-10,-17,290,0,0,0
-10,-18,290,0,0,0
-10,-19,290,0,0,0
-10,-20,290,0,0,0
-10,-21,290,0,0,0
-10,-22,290,0,0,0
-10,-23,290,0,0,0
-10,-24,290,0,0,0
-10,-25,290,0,0,0
-10,-26,290,0,0,0
-10,-27,290,0,0,0
-10,-28,290,0,0,0
-10,-29,290,0,0,0
-10,-30,290,0,0,0
-10,-31,290,0,0,0
-10,-32,290,0,0,0
-10,-33,290,0,0,0
-10,-34,290,0,0,0
-10,-35,290,0,0,0
-10,-36,290,0,0,0
-10,-37,290,0,0,0
-10,-38,290,0,0,0
-10,-39,290,0,0,0
-10,-40,290,0,0,0
-10,-41,290,0,0,0
-10,-42,290,0,0,0
-10,-43,290,0,0,0
-10,-44,290,0,0,0
-10,-45,290,0,0,0
-10,-46,290,0,0,0
-10,-47,290,0,0,0
-10,-48,290,0,0,0
-10,-49,290,0,0,0
-10,-50,290,0,0,0
-11,0,290,0,0,0
-11,-1,290,0,0,0
-11,-2,290,0,0,0
-11,-3,290,0,0,0
-11,-4,290,0,0,0
-11,-5,290,0,0,0
-11,-6,290,0,0,0
-11,-7,290,0,0,0
-11,-8,290,0,0,0
-11,-9,290,0,0,0
-11,-10,290,0,0,0
-11,-11,290,0,0,0
-11,-12,290,0,0,0
-11,-13,290,0,0,0
-11,-14,290,0,0,0
-11,-15,290,0,0,0
-11,-16,290,0,0,0
-11,-17,290,0,0,0
-11,-18,290,0,0,0
-11,-19,290,0,0,0
-11,-20,290,0,0,0
-11,-21,290,0,0,0
-11,-22,290,0,0,0
-11,-23,290,0,0,0
-11,-24,290,0,0,0
-11,-25,290,0,0,0
-11,-26,290,0,0,0
-11,-27,290,0,0,0
-11,-28,290,0,0,0
-11,-29,290,0,0,0
-11,-30,290,0,0,0
-11,-31,290,0,0,0
-11,-32,290,0,0,0
-11,-33,290,0,0,0
-11,-34,290,0,0,0
-11,-35,290,0,0,0
-11,-36,290,0,0,0
-11,-37,290,0,0,0
-11,-38,290,0,0,0
-11,-39,290,0,0,0
-11,-40,290,0,0,0
-11,-41,290,0,0,0
-11,-42,290,0,0,0
-11,-43,290,0,0,0
-11,-44,290,0,0,0
-11,-45,290,0,0,0
-11,-46,290,0,0,0
-11,-47,290,0,0,0
-11,-48,290,0,0,0
-11,-49,290,0,0,0
-11,-50,290,0,0,0
-12,0,290,0,0,0
-12,-1,290,0,0,0
-12,-2,290,0,0,0
-12,-3,290,0,0,0
-12,-4,290,0,0,0
-12,-5,290,0,0,0
-12,-6,290,0,0,0
-12,-7,290,0,0,0
-12,-8,290,0,0,0
-12,-9,290,0,0,0
-12,-10,290,0,0,0
-12,-11,290,0,0,0
-12,-12,290,0,0,0
-12,-13,290,0,0,0
-12,-14,290,0,0,0
-12,-15,290,0,0,0
-12,-16,290,0,0,0
-12,-17,290,0,0,0
-12,-18,290,0,0,0
-12,-19,290,0,0,0
-12,-20,290,0,0,0
-12,-21,290,0,0,0
-12,-22,290,0,0,0
-12,-23,290,0,0,0
-12,-24,290,0,0,0
-12,-25,290,0,0,0
-12,-26,290,0,0,0
-12,-27,290,0,0,0
-12,-28,290,0,0,0
-12,-29,290,0,0,0
-12,-30,290,0,0,0
-12,-31,290,0,0,0
-12,-32,290,0,0,0
-12,-33,290,0,0,0
-12,-34,290,0,0,0
-12,-35,290,0,0,0
-12,-36,290,0,0,0
-12,-37,290,0,0,0
-12,-38,290,0,0,0
-12,-39,290,0,0,0
-12,-40,290,0,0,0
-12,-41,290,0,0,0
-12,-42,290,0,0,0
-12,-43,290,0,0,0
-12,-44,290,0,0,0
-12,-45,290,0,0,0
-12,-46,290,0,0,0
-12,-47,290,0,0,0
-12,-48,290,0,0,0
-12,-49,290,0,0,0
-12,-50,290,0,0,0
-13,0,290,0,0,0
-13,-1,290,0,0,0
-13,-2,290,0,0,0
-13,-3,290,0,0,0
-13,-4,290,0,0,0
-13,-5,290,0,0,0
-13,-6,290,0,0,0
-13,-7,290,0,0,0
-13,-8,290,0,0,0
-13,-9,290,0,0,0
-13,-10,290,0,0,0
-13,-11,290,0,0,0
-13,-12,290,0,0,0
-13,-13,290,0,0,0
-13,-14,290,0,0,0
-13,-15,290,0,0,0
-13,-16,290,0,0,0
-13,-17,290,0,0,0
-13,-18,290,0,0,0
-13,-19,290,0,0,0
-13,-20,290,0,0,0
-13,-21,290,0,0,0
-13,-22,290,0,0,0
-13,-23,290,0,0,0
-13,-24,290,0,0,0
-13,-25,290,0,0,0
-13,-26,290,0,0,0
-13,-27,290,0,0,0
-13,-28,290,0,0,0
-13,-29,290,0,0,0
-13,-30,290,0,0,0
-13,-31,290,0,0,0
-13,-32,290,0,0,0
-13,-33,290,0,0,0
-13,-34,290,0,0,0
-13,-35,290,0,0,0
-13,-36,290,0,0,0
-13,-37,290,0,0,0
-13,-38,290,0,0,0
-13,-39,290,0,0,0
-13,-40,290,0,0,0
-13,-41,290,0,0,0
-13,-42,290,0,0,0
-13,-43,290,0,0,0
-13,-44,290,0,0,0
-13,-45,290,0,0,0
-13,-46,290,0,0,0
-13,-47,290,0,0,0
-13,-48,290,0,0,0
-13,-49,290,0,0,0
-13,-50,290,0,0,0
-14,0,290,0,0,0
-14,-1,290,0,0,0
-14,-2,290,0,0,0
-14,-3,290,0,0,0
-14,-4,290,0,0,0
-14,-5,290,0,0,0
-14,-6,290,0,0,0
-14,-7,290,0,0,0
-14,-8,290,0,0,0
-14,-9,290,0,0,0
-14,-10,290,0,0,0
-14,-11,290,0,0,0
-14,-12,290,0,0,0
-14,-13,290,0,0,0
-14,-14,290,0,0,0
-14,-15,290,0,0,0
-14,-16,290,0,0,0
-14,-17,290,0,0,0
-14,-18,290,0,0,0
-14,-19,290,0,0,0
-14,-20,290,0,0,0
-14,-21,290,0,0,0
-14,-22,290,0,0,0
-14,-23,290,0,0,0
-14,-24,290,0,0,0
-14,-25,290,0,0,0
-14,-26,290,0,0,0
-14,-27,290,0,0,0
-14,-28,290,0,0,0
-14,-29,290,0,0,0
-14,-30,290,0,0,0
-14,-31,290,0,0,0
-14,-32,290,0,0,0
-14,-33,290,0,0,0
-14,-34,290,0,0,0
-14,-35,290,0,0,0
-14,-36,290,0,0,0
-14,-37,290,0,0,0
-14,-38,290,0,0,0
-14,-39,290,0,0,0
-14,-40,290,0,0,0
-14,-41,290,0,0,0
-14,-42,290,0,0,0
-14,-43,290,0,0,0
-14,-44,290,0,0,0
-14,-45,290,0,0,0
-14,-46,290,0,0,0
-14,-47,290,0,0,0
-14,-48,290,0,0,0
-14,-49,290,0,0,0
-14,-50,290,0,0,0
-15,0,290,0,0,0
-15,-1,290,0,0,0
-15,-2,290,0,0,0
-15,-3,290,0,0,0
-15,-4,290,0,0,0
-15,-5,290,0,0,0
-15,-6,290,0,0,0
-15,-7,290,0,0,0
-15,-8,290,0,0,0
-15,-9,290,0,0,0
-15,-10,290,0,0,0
-15,-11,290,0,0,0
-15,-12,290,0,0,0
-15,-13,290,0,0,0
-15,-14,290,0,0,0
-15,-15,290,0,0,0
-15,-16,290,0,0,0
-15,-17,290,0,0,0
-15,-18,290,0,0,0
-15,-19,290,0,0,0
-15,-20,290,0,0,0
-15,-21,290,0,0,0
-15,-22,290,0,0,0
-15,-23,290,0,0,0
-15,-24,290,0,0,0
-15,-25,290,0,0,0
-15,-26,290,0,0,0
-15,-27,290,0,0,0
-15,-28,290,0,0,0
-15,-29,290,0,0,0
-15,-30,290,0,0,0
-15,-31,290,0,0,0
-15,-32,290,0,0,0
-15,-33,290,0,0,0
-15,-34,290,0,0,0
-15,-35,290,0,0,0
-15,-36,290,0,0,0
-15,-37,290,0,0,0
-15,-38,290,0,0,0
-15,-39,290,0,0,0
-15,-40,290,0,0,0
-15,-41,290,0,0,0
-15,-42,290,0,0,0
-15,-43,290,0,0,0
-15,-44,290,0,0,0
-15,-45,290,0,0,0
-15,-46,290,0,0,0
-15,-47,290,0,0,0
-15,-48,290,0,0,0
-15,-49,290,0,0,0
-15,-50,290,0,0,0
-16,0,290,0,0,0
-16,-1,290,0,0,0
-16,-2,290,0,0,0
-16,-3,290,0,0,0
-16,-4,290,0,0,0
-16,-5,290,0,0,0
-16,-6,290,0,0,0
-16,-7,290,0,0,0
-16,-8,290,0,0,0
-16,-9,290,0,0,0
-16,-10,290,0,0,0
-16,-11,290,0,0,0
-16,-12,290,0,0,0
-16,-13,290,0,0,0
-16,-14,290,0,0,0
-16,-15,290,0,0,0
-16,-16,290,0,0,0
-16,-17,290,0,0,0
-16,-18,290,0,0,0
-16,-19,290,0,0,0
-16,-20,290,0,0,0
-16,-21,290,0,0,0
-16,-22,290,0,0,0
-16,-23,290,0,0,0
-16,-24,290,0,0,0
-16,-25,290,0,0,0
-16,-26,290,0,0,0
-16,-27,290,0,0,0
-16,-28,290,0,0,0
-16,-29,290,0,0,0
-16,-30,290,0,0,0
-16,-31,290,0,0,0
-16,-32,290,0,0,0
-16,-33,290,0,0,0
-16,-34,290,0,0,0
-16,-35,290,0,0,0
-16,-36,290,0,0,0
-16,-37,290,0,0,0
-16,-38,290,0,0,0
-16,-39,290,0,0,0
-16,-40,290,0,0,0
-16,-41,290,0,0,0
-16,-42,290,0,0,0
-16,-43,290,0,0,0
-16,-44,290,0,0,0
-16,-45,290,0,0,0
-16,-46,290,0,0,0
-16,-47,290,0,0,0
-16,-48,290,0,0,0
-16,-49,290,0,0,0
-16,-50,290,0,0,0
-17,0,290,0,0,0
-17,-1,290,0,0,0
-17,-2,290,0,0,0
-17,-3,290,0,0,0
-17,-4,290,0,0,0
-17,-5,290,0,0,0
-17,-6,290,0,0,0
-17,-7,290,0,0,0
-17,-8,290,0,0,0
-17,-9,290,0,0,0
-17,-10,290,0,0,0
-17,-11,290,0,0,0
-17,-12,290,0,0,0
-17,-13,290,0,0,0
-17,-14,290,0,0,0
-17,-15,290,0,0,0
-17,-16,290,0,0,0
-17,-17,290,0,0,0
-17,-18,290,0,0,0
-17,-19,290,0,0,0
-17,-20,290,0,0,0
-17,-21,290,0,0,0
-17,-22,290,0,0,0
-17,-23,290,0,0,0
-17,-24,290,0,0,0
-17,-25,290,0,0,0
-17,-26,290,0,0,0
-17,-27,290,0,0,0
-17,-28,290,0,0,0
-17,-29,290,0,0,0
-17,-30,290,0,0,0
-17,-31,290,0,0,0
-17,-32,290,0,0,0
-17,-33,290,0,0,0
-17,-34,290,0,0,0
-17,-35,290,0,0,0
-17,-36,290,0,0,0
-17,-37,290,0,0,0
-17,-38,290,0,0,0
-17,-39,290,0,0,0
-17,-40,290,0,0,0
-17,-41,290,0,0,0
-17,-42,290,0,0,0
-17,-43,290,0,0,0
-17,-44,290,0,0,0
-17,-45,290,0,0,0
-17,-46,290,0,0,0
-17,-47,290,0,0,0
-17,-48,290,0,0,0
-17,-49,290,0,0,0
-17,-50,290,0,0,0
-18,0,290,0,0,0
-18,-1,290,0,0,0
-18,-2,290,0,0,0
-18,-3,290,0,0,0
-18,-4,290,0,0,0
-18,-5,290,0,0,0
-18,-6,290,0,0,0
-18,-7,290,0,0,0
-18,-8,290,0,0,0
-18,-9,290,0,0,0
-18,-10,290,0,0,0
-18,-11,290,0,0,0
-18,-12,290,0,0,0
-18,-13,290,0,0,0
-18,-14,290,0,0,0
-18,-15,290,0,0,0
-18,-16,290,0,0,0
-18,-17,290,0,0,0
-18,-18,290,0,0,0
-18,-19,290,0,0,0
-18,-20,290,0,0,0
-18,-21,290,0,0,0
-18,-22,290,0,0,0
-18,-23,290,0,0,0
-18,-24,290,0,0,0
-18,-25,290,0,0,0
-18,-26,290,0,0,0
-18,-27,290,0,0,0
-18,-28,290,0,0,0
-18,-29,290,0,0,0
-18,-30,290,0,0,0
-18,-31,290,0,0,0
-18,-32,290,0,0,0
-18,-33,290,0,0,0
-18,-34,290,0,0,0
-18,-35,290,0,0,0
-18,-36,290,0,0,0
-18,-37,290,0,0,0
-18,-38,290,0,0,0
-18,-39,290,0,0,0
-18,-40,290,0,0,0
-18,-41,290,0,0,0
-18,-42,290,0,0,0
-18,-43,290,0,0,0
-18,-44,290,0,0,0
-18,-45,290,0,0,0
-18,-46,290,0,0,0
-18,-47,290,0,0,0
-18,-48,290,0,0,0
-18,-49,290,0,0,0
-18,-50,290,0,0,0
-19,0,290,0,0,0
-19,-1,290,0,0,0
-19,-2,290,0,0,0
-19,-3,290,0,0,0
-19,-4,290,0,0,0
-19,-5,290,0,0,0
-19,-6,290,0,0,0
-19,-7,290,0,0,0
-19,-8,290,0,0,0
-19,-9,290,0,0,0
-19,-10,290,0,0,0
-19,-11,290,0,0,0
-19,-12,290,0,0,0
-19,-13,290,0,0,0
-19,-14,290,0,0,0
-19,-15,290,0,0,0
-19,-16,290,0,0,0
-19,-17,290,0,0,0
-19,-18,290,0,0,0
-19,-19,290,0,0,0
-19,-20,290,0,0,0
-19,-21,290,0,0,0
-19,-22,290,0,0,0
-19,-23,290,0,0,0
-19,-24,290,0,0,0
-19,-25,290,0,0,0
-19,-26,290,0,0,0
-19,-27,290,0,0,0
-19,-28,290,0,0,0
-19,-29,290,0,0,0
-19,-30,290,0,0,0
-19,-31,290,0,0,0
-19,-32,290,0,0,0
-19,-33,290,0,0,0
-19,-34,290,0,0,0
-19,-35,290,0,0,0
-19,-36,290,0,0,0
-19,-37,290,0,0,0
-19,-38,290,0,0,0
-19,-39,290,0,0,0
-19,-40,290,0,0,0
-19,-41,290,0,0,0
-19,-42,290,0,0,0
-19,-43,290,0,0,0
-19,-44,290,0,0,0
-19,-45,290,0,0,0
-19,-46,290,0,0,0
-19,-47,290,0,0,0
-19,-48,290,0,0,0
-19,-49,290,0,0,0
-19,-50,290,0,0,0
-20,0,290,0,0,0
-20,-1,290,0,0,0
-20,-2,290,0,0,0
-20,-3,290,0,0,0
-20,-4,290,0,0,0
-20,-5,290,0,0,0
-20,-6,290,0,0,0
-20,-7,290,0,0,0
-20,-8,290,0,0,0
-20,-9,290,0,0,0
-20,-10,290,0,0,0
-20,-11,290,0,0,0
-20,-12,290,0,0,0
-20,-13,290,0,0,0
-20,-14,290,0,0,0
-20,-15,290,0,0,0
-20,-16,290,0,0,0
-20,-17,290,0,0,0
-20,-18,290,0,0,0
-20,-19,290,0,0,0
-20,-20,290,0,0,0
-20,-21,290,0,0,0
-20,-22,290,0,0,0
-20,-23,290,0,0,0
-20,-24,290,0,0,0
-20,-25,290,0,0,0
-20,-26,290,0,0,0
-20,-27,290,0,0,0
-20,-28,290,0,0,0
-20,-29,290,0,0,0
-20,-30,290,0,0,0
-20,-31,290,0,0,0
-20,-32,290,0,0,0
-20,-33,290,0,0,0
-20,-34,290,0,0,0
-20,-35,290,0,0,0
-20,-36,290,0,0,0
-20,-37,290,0,0,0
-20,-38,290,0,0,0
-20,-39,290,0,0,0
-20,-40,290,0,0,0
-20,-41,290,0,0,0
-20,-42,290,0,0,0
-20,-43,290,0,0,0
-20,-44,290,0,0,0
-20,-45,290,0,0,0
-20,-46,290,0,0,0
-20,-47,290,0,0,0
-20,-48,290,0,0,0
-20,-49,290,0,0,0
-20,-50,290,0,0,0
-21,0,290,0,0,0
-21,-1,290,0,0,0
-21,-2,290,0,0,0
-21,-3,290,0,0,0
-21,-4,290,0,0,0
-21,-5,290,0,0,0
-21,-6,290,0,0,0
-21,-7,290,0,0,0
-21,-8,290,0,0,0
-21,-9,290,0,0,0
-21,-10,290,0,0,0
-21,-11,290,0,0,0
-21,-12,290,0,0,0
-21,-13,290,0,0,0
-21,-14,290,0,0,0
-21,-15,290,0,0,0
-21,-16,290,0,0,0
-21,-17,290,0,0,0
-21,-18,290,0,0,0
-21,-19,290,0,0,0
-21,-20,290,0,0,0
-21,-21,290,0,0,0
-21,-22,290,0,0,0
-21,-23,290,0,0,0
-21,-24,290,0,0,0
-21,-25,290,0,0,0
-21,-26,290,0,0,0
-21,-27,290,0,0,0
-21,-28,290,0,0,0
-21,-29,290,0,0,0
-21,-30,290,0,0,0
-21,-31,290,0,0,0
-21,-32,290,0,0,0
-21,-33,290,0,0,0
-21,-34,290,0,0,0
-21,-35,290,0,0,0
-21,-36,290,0,0,0
-21,-37,290,0,0,0
-21,-38,290,0,0,0
-21,-39,290,0,0,0
-21,-40,290,0,0,0
-21,-41,290,0,0,0
-21,-42,290,0,0,0
-21,-43,290,0,0,0
-21,-44,290,0,0,0
-21,-45,290,0,0,0
-21,-46,290,0,0,0
-21,-47,290,0,0,0
-21,-48,290,0,0,0
-21,-49,290,0,0,0
-21,-50,290,0,0,0
-22,0,290,0,0,0
-22,-1,290,0,0,0
-22,-2,290,0,0,0
-22,-3,290,0,0,0
-22,-4,290,0,0,0
-22,-5,290,0,0,0
-22,-6,290,0,0,0
-22,-7,290,0,0,0
-22,-8,290,0,0,0
-22,-9,290,0,0,0
-22,-10,290,0,0,0
-22,-11,290,0,0,0
-22,-12,290,0,0,0
-22,-13,290,0,0,0
-22,-14,290,0,0,0
-22,-15,290,0,0,0
-22,-16,290,0,0,0
-22,-17,290,0,0,0
-22,-18,290,0,0,0
-22,-19,290,0,0,0
-22,-20,290,0,0,0
-22,-21,290,0,0,0
-22,-22,290,0,0,0
-22,-23,290,0,0,0
-22,-24,290,0,0,0
-22,-25,290,0,0,0
-22,-26,290,0,0,0
-22,-27,290,0,0,0
-22,-28,290,0,0,0
-22,-29,290,0,0,0
-22,-30,290,0,0,0
-22,-31,290,0,0,0
-22,-32,290,0,0,0
-22,-33,290,0,0,0
-22,-34,290,0,0,0
-22,-35,290,0,0,0
-22,-36,290,0,0,0
-22,-37,290,0,0,0
-22,-38,290,0,0,0
-22,-39,290,0,0,0
-22,-40,290,0,0,0
-22,-41,290,0,0,0
-22,-42,290,0,0,0
-22,-43,290,0,0,0
-22,-44,290,0,0,0
-22,-45,290,0,0,0
-22,-46,290,0,0,0
-22,-47,290,0,0,0
-22,-48,290,0,0,0
-22,-49,290,0,0,0
-22,-50,290,0,0,0
-23,0,290,0,0,0
-23,-1,290,0,0,0
-23,-2,290,0,0,0
-23,-3,290,0,0,0
-23,-4,290,0,0,0
-23,-5,290,0,0,0
-23,-6,290,0,0,0
-23,-7,290,0,0,0
-23,-8,290,0,0,0
-23,-9,290,0,0,0
-23,-10,290,0,0,0
-23,-11,290,0,0,0
-23,-12,290,0,0,0
-23,-13,290,0,0,0
-23,-14,290,0,0,0
-23,-15,290,0,0,0
-23,-16,290,0,0,0
-23,-17,290,0,0,0
-23,-18,290,0,0,0
-23,-19,290,0,0,0
-23,-20,290,0,0,0
-23,-21,290,0,0,0
-23,-22,290,0,0,0
-23,-23,290,0,0,0
-23,-24,290,0,0,0
-23,-25,290,0,0,0
-23,-26,290,0,0,0
-23,-27,290,0,0,0
-23,-28,290,0,0,0
-23,-29,290,0,0,0
-23,-30,290,0,0,0
-23,-31,290,0,0,0
-23,-32,290,0,0,0
-23,-33,290,0,0,0
-23,-34,290,0,0,0
-23,-35,290,0,0,0
-23,-36,290,0,0,0
-23,-37,290,0,0,0
-23,-38,290,0,0,0
-23,-39,290,0,0,0
-23,-40,290,0,0,0
-23,-41,290,0,0,0
-23,-42,290,0,0,0
-23,-43,290,0,0,0
-23,-44,290,0,0,0
-23,-45,290,0,0,0
-23,-46,290,0,0,0
-23,-47,290,0,0,0
-23,-48,290,0,0,0
-23,-49,290,0,0,0
-23,-50,290,0,0,0
-24,0,290,0,0,0
-24,-1,290,0,0,0
-24,-2,290,0,0,0
-24,-3,290,0,0,0
-24,-4,290,0,0,0
-24,-5,290,0,0,0
-24,-6,290,0,0,0
-24,-7,290,0,0,0
-24,-8,290,0,0,0
-24,-9,290,0,0,0
-24,-10,290,0,0,0
-24,-11,290,0,0,0
-24,-12,290,0,0,0
-24,-13,290,0,0,0
-24,-14,290,0,0,0
-24,-15,290,0,0,0
-24,-16,290,0,0,0
-24,-17,290,0,0,0
-24,-18,290,0,0,0
-24,-19,290,0,0,0
-24,-20,290,0,0,0
-24,-21,290,0,0,0
-24,-22,290,0,0,0
-24,-23,290,0,0,0
-24,-24,290,0,0,0
-24,-25,290,0,0,0
-24,-26,290,0,0,0
-24,-27,290,0,0,0
-24,-28,290,0,0,0
-24,-29,290,0,0,0
-24,-30,290,0,0,0
-24,-31,290,0,0,0
-24,-32,290,0,0,0
-24,-33,290,0,0,0
-24,-34,290,0,0,0
-24,-35,290,0,0,0
-24,-36,290,0,0,0
-24,-37,290,0,0,0
-24,-38,290,0,0,0
-24,-39,290,0,0,0
-24,-40,290,0,0,0
-24,-41,290,0,0,0
-24,-42,290,0,0,0
-24,-43,290,0,0,0
-24,-44,290,0,0,0
-24,-45,290,0,0,0
-24,-46,290,0,0,0
-24,-47,290,0,0,0
-24,-48,290,0,0,0
-24,-49,290,0,0,0
-24,-50,290,0,0,0
-25,0,290,0,0,0
-25,-1,290,0,0,0
-25,-2,290,0,0,0
-25,-3,290,0,0,0
-25,-4,290,0,0,0
-25,-5,290,0,0,0
-25,-6,290,0,0,0
-25,-7,290,0,0,0
-25,-8,290,0,0,0
-25,-9,290,0,0,0
-25,-10,290,0,0,0
-25,-11,290,0,0,0
-25,-12,290,0,0,0
-25,-13,290,0,0,0
-25,-14,290,0,0,0
-25,-15,290,0,0,0
-25,-16,290,0,0,0
-25,-17,290,0,0,0
-25,-18,290,0,0,0
-25,-19,290,0,0,0
-25,-20,290,0,0,0
-25,-21,290,0,0,0
-25,-22,290,0,0,0
-25,-23,290,0,0,0
-25,-24,290,0,0,0
-25,-25,290,0,0,0
-25,-26,290,0,0,0
-25,-27,290,0,0,0
-25,-28,290,0,0,0
-25,-29,290,0,0,0
-25,-30,290,0,0,0
-25,-31,290,0,0,0
-25,-32,290,0,0,0
-25,-33,290,0,0,0
-25,-34,290,0,0,0
-25,-35,290,0,0,0
-25,-36,290,0,0,0
-25,-37,290,0,0,0
-25,-38,290,0,0,0
-25,-39,290,0,0,0
-25,-40,290,0,0,0
-25,-41,290,0,0,0
-25,-42,290,0,0,0
-25,-43,290,0,0,0
-25,-44,290,0,0,0
-25,-45,290,0,0,0
-25,-46,290,0,0,0
-25,-47,290,0,0,0
-25,-48,290,0,0,0
-25,-49,290,0,0,0
-25,-50,290,0,0,0
-26,0,290,0,0,0
-26,-1,290,0,0,0
-26,-2,290,0,0,0
-26,-3,290,0,0,0
-26,-4,290,0,0,0
-26,-5,290,0,0,0
-26,-6,290,0,0,0
-26,-7,290,0,0,0
-26,-8,290,0,0,0
-26,-9,290,0,0,0
-26,-10,290,0,0,0
-26,-11,290,0,0,0
-26,-12,290,0,0,0
-26,-13,290,0,0,0
-26,-14,290,0,0,0
-26,-15,290,0,0,0
-26,-16,290,0,0,0
-26,-17,290,0,0,0
-26,-18,290,0,0,0
-26,-19,290,0,0,0
-26,-20,290,0,0,0
-26,-21,290,0,0,0
-26,-22,290,0,0,0
-26,-23,290,0,0,0
-26,-24,290,0,0,0
-26,-25,290,0,0,0
-26,-26,290,0,0,0
-26,-27,290,0,0,0
-26,-28,290,0,0,0
-26,-29,290,0,0,0
-26,-30,290,0,0,0
-26,-31,290,0,0,0
-26,-32,290,0,0,0
-26,-33,290,0,0,0
-26,-34,290,0,0,0
-26,-35,290,0,0,0
-26,-36,290,0,0,0
-26,-37,290,0,0,0
-26,-38,290,0,0,0
-26,-39,290,0,0,0
-26,-40,290,0,0,0
-26,-41,290,0,0,0
-26,-42,290,0,0,0
-26,-43,290,0,0,0
-26,-44,290,0,0,0
-26,-45,290,0,0,0
-26,-46,290,0,0,0
-26,-47,290,0,0,0
-26,-48,290,0,0,0
-26,-49,290,0,0,0
-26,-50,290,0,0,0
-27,0,290,0,0,0
-27,-1,290,0,0,0
-27,-2,290,0,0,0
-27,-3,290,0,0,0
-27,-4,290,0,0,0
-27,-5,290,0,0,0
-27,-6,290,0,0,0
-27,-7,290,0,0,0
-27,-8,290,0,0,0
-27,-9,290,0,0,0
-27,-10,290,0,0,0
-27,-11,290,0,0,0
-27,-12,290,0,0,0
-27,-13,290,0,0,0
-27,-14,290,0,0,0
-27,-15,290,0,0,0
-27,-16,290,0,0,0
-27,-17,290,0,0,0
-27,-18,290,0,0,0
-27,-19,290,0,0,0
-27,-20,290,0,0,0
-27,-21,290,0,0,0
-27,-22,290,0,0,0
-27,-23,290,0,0,0
-27,-24,290,0,0,0
-27,-25,290,0,0,0
-27,-26,290,0,0,0
-27,-27,290,0,0,0
-27,-28,290,0,0,0
-27,-29,290,0,0,0
-27,-30,290,0,0,0
-27,-31,290,0,0,0
-27,-32,290,0,0,0
-27,-33,290,0,0,0
-27,-34,290,0,0,0
-27,-35,290,0,0,0
-27,-36,290,0,0,0
-27,-37,290,0,0,0
-27,-38,290,0,0,0
-27,-39,290,0,0,0
-27,-40,290,0,0,0
-27,-41,290,0,0,0
-27,-42,290,0,0,0
-27,-43,290,0,0,0
-27,-44,290,0,0,0
-27,-45,290,0,0,0
-27,-46,290,0,0,0
-27,-47,290,0,0,0
-27,-48,290,0,0,0
-27,-49,290,0,0,0
-27,-50,290,0,0,0
-28,0,290,0,0,0
-28,-1,290,0,0,0
-28,-2,290,0,0,0
-28,-3,290,0,0,0
-28,-4,290,0,0,0
-28,-5,290,0,0,0
-28,-6,290,0,0,0
-28,-7,290,0,0,0
-28,-8,290,0,0,0
-28,-9,290,0,0,0
-28,-10,290,0,0,0
-28,-11,290,0,0,0
-28,-12,290,0,0,0
-28,-13,290,0,0,0
-28,-14,290,0,0,0
-28,-15,290,0,0,0
-28,-16,290,0,0,0
-28,-17,290,0,0,0
-28,-18,290,0,0,0
-28,-19,290,0,0,0
-28,-20,290,0,0,0
-28,-21,290,0,0,0
-28,-22,290,0,0,0
-28,-23,290,0,0,0
-28,-24,290,0,0,0
-28,-25,290,0,0,0
-28,-26,290,0,0,0
-28,-27,290,0,0,0
-28,-28,290,0,0,0
-28,-29,290,0,0,0
-28,-30,290,0,0,0
-28,-31,290,0,0,0
-28,-32,290,0,0,0
-28,-33,290,0,0,0
-28,-34,290,0,0,0
-28,-35,290,0,0,0
-28,-36,290,0,0,0
-28,-37,290,0,0,0
-28,-38,290,0,0,0
-28,-39,290,0,0,0
-28,-40,290,0,0,0
-28,-41,290,0,0,0
-28,-42,290,0,0,0
-28,-43,290,0,0,0
-28,-44,290,0,0,0
-28,-45,290,0,0,0
-28,-46,290,0,0,0
-28,-47,290,0,0,0
-28,-48,290,0,0,0
-28,-49,290,0,0,0
-28,-50,290,0,0,0
-29,0,290,0,0,0
-29,-1,290,0,0,0
-29,-2,290,0,0,0
-29,-3,290,0,0,0
-29,-4,290,0,0,0
-29,-5,290,0,0,0
-29,-6,290,0,0,0
-29,-7,290,0,0,0
-29,-8,290,0,0,0
-29,-9,290,0,0,0
-29,-10,290,0,0,0
-29,-11,290,0,0,0
-29,-12,290,0,0,0
-29,-13,290,0,0,0
-29,-14,290,0,0,0
-29,-15,290,0,0,0
-29,-16,290,0,0,0
-29,-17,290,0,0,0
-29,-18,290,0,0,0
-29,-19,290,0,0,0
-29,-20,290,0,0,0
-29,-21,290,0,0,0
-29,-22,290,0,0,0
-29,-23,290,0,0,0
-29,-24,290,0,0,0
-29,-25,290,0,0,0
-29,-26,290,0,0,0
-29,-27,290,0,0,0
-29,-28,290,0,0,0
-29,-29,290,0,0,0
-29,-30,290,0,0,0
-29,-31,290,0,0,0
-29,-32,290,0,0,0
-29,-33,290,0,0,0
-29,-34,290,0,0,0
-29,-35,290,0,0,0
-29,-36,290,0,0,0
-29,-37,290,0,0,0
-29,-38,290,0,0,0
-29,-39,290,0,0,0
-29,-40,290,0,0,0
-29,-41,290,0,0,0
-29,-42,290,0,0,0
-29,-43,290,0,0,0
-29,-44,290,0,0,0
-29,-45,290,0,0,0
-29,-46,290,0,0,0
-29,-47,290,0,0,0
-29,-48,290,0,0,0
-29,-49,290,0,0,0
-29,-50,290,0,0,0
-30,0,290,0,0,0
-30,-1,290,0,0,0
-30,-2,290,0,0,0
-30,-3,290,0,0,0
-30,-4,290,0,0,0
-30,-5,290,0,0,0
-30,-6,290,0,0,0
-30,-7,290,0,0,0
-30,-8,290,0,0,0
-30,-9,290,0,0,0
-30,-10,290,0,0,0
-30,-11,290,0,0,0
-30,-12,290,0,0,0
-30,-13,290,0,0,0
-30,-14,290,0,0,0
-30,-15,290,0,0,0
-30,-16,290,0,0,0
-30,-17,290,0,0,0
-30,-18,290,0,0,0
-30,-19,290,0,0,0
-30,-20,290,0,0,0
-30,-21,290,0,0,0
-30,-22,290,0,0,0
-30,-23,290,0,0,0
-30,-24,290,0,0,0
-30,-25,290,0,0,0
-30,-26,290,0,0,0
-30,-27,290,0,0,0
-30,-28,290,0,0,0
-30,-29,290,0,0,0
-30,-30,290,0,0,0
-30,-31,290,0,0,0
-30,-32,290,0,0,0
-30,-33,290,0,0,0
-30,-34,290,0,0,0
-30,-35,290,0,0,0
-30,-36,290,0,0,0
-30,-37,290,0,0,0
-30,-38,290,0,0,0
-30,-39,290,0,0,0
-30,-40,290,0,0,0
-30,-41,290,0,0,0
-30,-42,290,0,0,0
-30,-43,290,0,0,0
-30,-44,290,0,0,0
-30,-45,290,0,0,0
-30,-46,290,0,0,0
-30,-47,290,0,0,0
-30,-48,290,0,0,0
-30,-49,290,0,0,0
-30,-50,290,0,0,0
-31,0,290,0,0,0
-31,-1,290,0,0,0
-31,-2,290,0,0,0
-31,-3,290,0,0,0
-31,-4,290,0,0,0
-31,-5,290,0,0,0
-31,-6,290,0,0,0
-31,-7,290,0,0,0
-31,-8,290,0,0,0
-31,-9,290,0,0,0
-31,-10,290,0,0,0
-31,-11,290,0,0,0
-31,-12,290,0,0,0
-31,-13,290,0,0,0
-31,-14,290,0,0,0
-31,-15,290,0,0,0
-31,-16,290,0,0,0
-31,-17,290,0,0,0
-31,-18,290,0,0,0
-31,-19,290,0,0,0
-31,-20,290,0,0,0
-31,-21,290,0,0,0
-31,-22,290,0,0,0
-31,-23,290,0,0,0
-31,-24,290,0,0,0
-31,-25,290,0,0,0
-31,-26,290,0,0,0
-31,-27,290,0,0,0
-31,-28,290,0,0,0
-31,-29,290,0,0,0
-31,-30,290,0,0,0
-31,-31,290,0,0,0
-31,-32,290,0,0,0
-31,-33,290,0,0,0
-31,-34,290,0,0,0
-31,-35,290,0,0,0
-31,-36,290,0,0,0
-31,-37,290,0,0,0
-31,-38,290,0,0,0
-31,-39,290,0,0,0
-31,-40,290,0,0,0
-31,-41,290,0,0,0
-31,-42,290,0,0,0
-31,-43,290,0,0,0
-31,-44,290,0,0,0
-31,-45,290,0,0,0
-31,-46,290,0,0,0
-31,-47,290,0,0,0
-31,-48,290,0,0,0
-31,-49,290,0,0,0
-31,-50,290,0,0,0
-32,0,290,0,0,0
-32,-1,290,0,0,0
-32,-2,290,0,0,0
-32,-3,290,0,0,0
-32,-4,290,0,0,0
-32,-5,290,0,0,0
-32,-6,290,0,0,0
-32,-7,290,0,0,0
-32,-8,290,0,0,0
-32,-9,290,0,0,0
-32,-10,290,0,0,0
-32,-11,290,0,0,0
-32,-12,290,0,0,0
-32,-13,290,0,0,0
-32,-14,290,0,0,0
-32,-15,290,0,0,0
-32,-16,290,0,0,0
-32,-17,290,0,0,0
-32,-18,290,0,0,0
-32,-19,290,0,0,0
-32,-20,290,0,0,0
-32,-21,290,0,0,0
-32,-22,290,0,0,0
-32,-23,290,0,0,0
-32,-24,290,0,0,0
-32,-25,290,0,0,0
-32,-26,290,0,0,0
-32,-27,290,0,0,0
-32,-28,290,0,0,0
-32,-29,290,0,0,0
-32,-30,290,0,0,0
-32,-31,290,0,0,0
-32,-32,290,0,0,0
-32,-33,290,0,0,0
-32,-34,290,0,0,0
-32,-35,290,0,0,0
-32,-36,290,0,0,0
-32,-37,290,0,0,0
-32,-38,290,0,0,0
-32,-39,290,0,0,0
-32,-40,290,0,0,0
-32,-41,290,0,0,0
-32,-42,290,0,0,0
-32,-43,290,0,0,0
-32,-44,290,0,0,0
-32,-45,290,0,0,0
-32,-46,290,0,0,0
-32,-47,290,0,0,0
-32,-48,290,0,0,0
-32,-49,290,0,0,0
-32,-50,290,0,0,0
-33,0,290,0,0,0
-33,-1,290,0,0,0
-33,-2,290,0,0,0
-33,-3,290,0,0,0
-33,-4,290,0,0,0
-33,-5,290,0,0,0
-33,-6,290,0,0,0
-33,-7,290,0,0,0
-33,-8,290,0,0,0
-33,-9,290,0,0,0
-33,-10,290,0,0,0
-33,-11,290,0,0,0
-33,-12,290,0,0,0
-33,-13,290,0,0,0
-33,-14,290,0,0,0
-33,-15,290,0,0,0
-33,-16,290,0,0,0
-33,-17,290,0,0,0
-33,-18,290,0,0,0
-33,-19,290,0,0,0
-33,-20,290,0,0,0
-33,-21,290,0,0,0
-33,-22,290,0,0,0
-33,-23,290,0,0,0
-33,-24,290,0,0,0
-33,-25,290,0,0,0
-33,-26,290,0,0,0
-33,-27,290,0,0,0
-33,-28,290,0,0,0
-33,-29,290,0,0,0
-33,-30,290,0,0,0
-33,-31,290,0,0,0
-33,-32,290,0,0,0
-33,-33,290,0,0,0
-33,-34,290,0,0,0
-33,-35,290,0,0,0
-33,-36,290,0,0,0
-33,-37,290,0,0,0
-33,-38,290,0,0,0
-33,-39,290,0,0,0
-33,-40,290,0,0,0
-33,-41,290,0,0,0
-33,-42,290,0,0,0
-33,-43,290,0,0,0
-33,-44,290,0,0,0
-33,-45,290,0,0,0
-33,-46,290,0,0,0
-33,-47,290,0,0,0
-33,-48,290,0,0,0
-33,-49,290,0,0,0
-33,-50,290,0,0,0
-34,0,290,0,0,0
-34,-1,290,0,0,0
-34,-2,290,0,0,0
-34,-3,290,0,0,0
-34,-4,290,0,0,0
-34,-5,290,0,0,0
-34,-6,290,0,0,0
-34,-7,290,0,0,0
-34,-8,290,0,0,0
-34,-9,290,0,0,0
-34,-10,290,0,0,0
-34,-11,290,0,0,0
-34,-12,290,0,0,0
-34,-13,290,0,0,0
-34,-14,290,0,0,0
-34,-15,290,0,0,0
-34,-16,290,0,0,0
-34,-17,290,0,0,0
-34,-18,290,0,0,0
-34,-19,290,0,0,0
-34,-20,290,0,0,0
-34,-21,290,0,0,0
-34,-22,290,0,0,0
-34,-23,290,0,0,0
-34,-24,290,0,0,0
-34,-25,290,0,0,0
-34,-26,290,0,0,0
-34,-27,290,0,0,0
-34,-28,290,0,0,0
-34,-29,290,0,0,0
-34,-30,290,0,0,0
-34,-31,290,0,0,0
-34,-32,290,0,0,0
-34,-33,290,0,0,0
-34,-34,290,0,0,0
-34,-35,290,0,0,0
-34,-36,290,0,0,0
-34,-37,290,0,0,0
-34,-38,290,0,0,0
-34,-39,290,0,0,0
-34,-40,290,0,0,0
-34,-41,290,0,0,0
-34,-42,290,0,0,0
-34,-43,290,0,0,0
-34,-44,290,0,0,0
-34,-45,290,0,0,0
-34,-46,290,0,0,0
-34,-47,290,0,0,0
-34,-48,290,0,0,0
-34,-49,290,0,0,0
-34,-50,290,0,0,0
-35,0,290,0,0,0
-35,-1,290,0,0,0
-35,-2,290,0,0,0
-35,-3,290,0,0,0
-35,-4,290,0,0,0
-35,-5,290,0,0,0
-35,-6,290,0,0,0
-35,-7,290,0,0,0
-35,-8,290,0,0,0
-35,-9,290,0,0,0
-35,-10,290,0,0,0
-35,-11,290,0,0,0
-35,-12,290,0,0,0
-35,-13,290,0,0,0
-35,-14,290,0,0,0
-35,-15,290,0,0,0
-35,-16,290,0,0,0
-35,-17,290,0,0,0
-35,-18,290,0,0,0
-35,-19,290,0,0,0
-35,-20,290,0,0,0
-35,-21,290,0,0,0
-35,-22,290,0,0,0
-35,-23,290,0,0,0
-35,-24,290,0,0,0
-35,-25,290,0,0,0
-35,-26,290,0,0,0
-35,-27,290,0,0,0
-35,-28,290,0,0,0
-35,-29,290,0,0,0
-35,-30,290,0,0,0
-35,-31,290,0,0,0
-35,-32,290,0,0,0
-35,-33,290,0,0,0
-35,-34,290,0,0,0
-35,-35,290,0,0,0
-35,-36,290,0,0,0
-35,-37,290,0,0,0
-35,-38,290,0,0,0
-35,-39,290,0,0,0
-35,-40,290,0,0,0
-35,-41,290,0,0,0
-35,-42,290,0,0,0
-35,-43,290,0,0,0
-35,-44,290,0,0,0
-35,-45,290,0,0,0
-35,-46,290,0,0,0
-35,-47,290,0,0,0
-35,-48,290,0,0,0
-35,-49,290,0,0,0
-35,-50,290,0,0,0
-36,0,290,0,0,0
-36,-1,290,0,0,0
-36,-2,290,0,0,0
-36,-3,290,0,0,0
-36,-4,290,0,0,0
-36,-5,290,0,0,0
-36,-6,290,0,0,0
-36,-7,290,0,0,0
-36,-8,290,0,0,0
-36,-9,290,0,0,0
-36,-10,290,0,0,0
-36,-11,290,0,0,0
-36,-12,290,0,0,0
-36,-13,290,0,0,0
-36,-14,290,0,0,0
-36,-15,290,0,0,0
-36,-16,290,0,0,0
-36,-17,290,0,0,0
-36,-18,290,0,0,0
-36,-19,290,0,0,0
-36,-20,290,0,0,0
-36,-21,290,0,0,0
-36,-22,290,0,0,0
-36,-23,290,0,0,0
-36,-24,290,0,0,0
-36,-25,290,0,0,0
-36,-26,290,0,0,0
-36,-27,290,0,0,0
-36,-28,290,0,0,0
-36,-29,290,0,0,0
-36,-30,290,0,0,0
-36,-31,290,0,0,0
-36,-32,290,0,0,0
-36,-33,290,0,0,0
-36,-34,290,0,0,0
-36,-35,290,0,0,0
-36,-36,290,0,0,0
-36,-37,290,0,0,0
-36,-38,290,0,0,0
-36,-39,290,0,0,0
-36,-40,290,0,0,0
-36,-41,290,0,0,0
-36,-42,290,0,0,0
-36,-43,290,0,0,0
-36,-44,290,0,0,0
-36,-45,290,0,0,0
-36,-46,290,0,0,0
-36,-47,290,0,0,0
-36,-48,290,0,0,0
-36,-49,290,0,0,0
-36,-50,290,0,0,0
-37,0,290,0,0,0
-37,-1,290,0,0,0
-37,-2,290,0,0,0
-37,-3,290,0,0,0
-37,-4,290,0,0,0
-37,-5,290,0,0,0
-37,-6,290,0,0,0
-37,-7,290,0,0,0
-37,-8,290,0,0,0
-37,-9,290,0,0,0
-37,-10,290,0,0,0
-37,-11,290,0,0,0
-37,-12,290,0,0,0
-37,-13,290,0,0,0
-37,-14,290,0,0,0
-37,-15,290,0,0,0
-37,-16,290,0,0,0
-37,-17,290,0,0,0
-37,-18,290,0,0,0
-37,-19,290,0,0,0
-37,-20,290,0,0,0
-37,-21,290,0,0,0
-37,-22,290,0,0,0
-37,-23,290,0,0,0
-37,-24,290,0,0,0
-37,-25,290,0,0,0
-37,-26,290,0,0,0
-37,-27,290,0,0,0
-37,-28,290,0,0,0
-37,-29,290,0,0,0
-37,-30,290,0,0,0
-37,-31,290,0,0,0
-37,-32,290,0,0,0
-37,-33,290,0,0,0
-37,-34,290,0,0,0
-37,-35,290,0,0,0
-37,-36,290,0,0,0
-37,-37,290,0,0,0
-37,-38,290,0,0,0
-37,-39,290,0,0,0
-37,-40,290,0,0,0
-37,-41,290,0,0,0
-37,-42,290,0,0,0
-37,-43,290,0,0,0
-37,-44,290,0,0,0
-37,-45,290,0,0,0
-37,-46,290,0,0,0
-37,-47,290,0,0,0
-37,-48,290,0,0,0
-37,-49,290,0,0,0
-37,-50,290,0,0,0
-38,0,290,0,0,0
-38,-1,290,0,0,0
-38,-2,290,0,0,0
-38,-3,290,0,0,0
-38,-4,290,0,0,0
-38,-5,290,0,0,0
-38,-6,290,0,0,0
-38,-7,290,0,0,0
-38,-8,290,0,0,0
-38,-9,290,0,0,0
-38,-10,290,0,0,0
-38,-11,290,0,0,0
-38,-12,290,0,0,0
-38,-13,290,0,0,0
-38,-14,290,0,0,0
-38,-15,290,0,0,0
-38,-16,290,0,0,0
-38,-17,290,0,0,0
-38,-18,290,0,0,0
-38,-19,290,0,0,0
-38,-20,290,0,0,0
-38,-21,290,0,0,0
-38,-22,290,0,0,0
-38,-23,290,0,0,0
-38,-24,290,0,0,0
-38,-25,290,0,0,0
-38,-26,290,0,0,0
-38,-27,290,0,0,0
-38,-28,290,0,0,0
-38,-29,290,0,0,0
-38,-30,290,0,0,0
-38,-31,290,0,0,0
-38,-32,290,0,0,0
-38,-33,290,0,0,0
-38,-34,290,0,0,0
-38,-35,290,0,0,0
-38,-36,290,0,0,0
-38,-37,290,0,0,0
-38,-38,290,0,0,0
-38,-39,290,0,0,0
-38,-40,290,0,0,0
-38,-41,290,0,0,0
-38,-42,290,0,0,0
-38,-43,290,0,0,0
-38,-44,290,0,0,0
-38,-45,290,0,0,0
-38,-46,290,0,0,0
-38,-47,290,0,0,0
-38,-48,290,0,0,0
-38,-49,290,0,0,0
-38,-50,290,0,0,0
-39,0,290,0,0,0
-39,-1,290,0,0,0
-39,-2,290,0,0,0
-39,-3,290,0,0,0
-39,-4,290,0,0,0
-39,-5,290,0,0,0
-39,-6,290,0,0,0
-39,-7,290,0,0,0
-39,-8,290,0,0,0
-39,-9,290,0,0,0
-39,-10,290,0,0,0
-39,-11,290,0,0,0
-39,-12,290,0,0,0
-39,-13,290,0,0,0
-39,-14,290,0,0,0
-39,-15,290,0,0,0
-39,-16,290,0,0,0
-39,-17,290,0,0,0
-39,-18,290,0,0,0
-39,-19,290,0,0,0
-39,-20,290,0,0,0
-39,-21,290,0,0,0
-39,-22,290,0,0,0
-39,-23,290,0,0,0
-39,-24,290,0,0,0
-39,-25,290,0,0,0
-39,-26,290,0,0,0
-39,-27,290,0,0,0
-39,-28,290,0,0,0
-39,-29,290,0,0,0
-39,-30,290,0,0,0
-39,-31,290,0,0,0
-39,-32,290,0,0,0
-39,-33,290,0,0,0
-39,-34,290,0,0,0
-39,-35,290,0,0,0
-39,-36,290,0,0,0
-39,-37,290,0,0,0
-39,-38,290,0,0,0
-39,-39,290,0,0,0
-39,-40,290,0,0,0
-39,-41,290,0,0,0
-39,-42,290,0,0,0
-39,-43,290,0,0,0
-39,-44,290,0,0,0
-39,-45,290,0,0,0
-39,-46,290,0,0,0
-39,-47,290,0,0,0
-39,-48,290,0,0,0
-39,-49,290,0,0,0
-39,-50,290,0,0,0
-40,0,290,0,0,0
-40,-1,290,0,0,0
-40,-2,290,0,0,0
-40,-3,290,0,0,0
-40,-4,290,0,0,0
-40,-5,290,0,0,0
-40,-6,290,0,0,0
-40,-7,290,0,0,0
-40,-8,290,0,0,0
-40,-9,290,0,0,0
-40,-10,290,0,0,0
-40,-11,290,0,0,0
-40,-12,290,0,0,0
-40,-13,290,0,0,0
-40,-14,290,0,0,0
-40,-15,290,0,0,0
-40,-16,290,0,0,0
-40,-17,290,0,0,0
-40,-18,290,0,0,0
-40,-19,290,0,0,0
-40,-20,290,0,0,0
-40,-21,290,0,0,0
-40,-22,290,0,0,0
-40,-23,290,0,0,0
-40,-24,290,0,0,0
-40,-25,290,0,0,0
-40,-26,290,0,0,0
-40,-27,290,0,0,0
-40,-28,290,0,0,0
-40,-29,290,0,0,0
-40,-30,290,0,0,0
-40,-31,290,0,0,0
-40,-32,290,0,0,0
-40,-33,290,0,0,0
-40,-34,290,0,0,0
-40,-35,290,0,0,0
-40,-36,290,0,0,0
-40,-37,290,0,0,0
-40,-38,290,0,0,0
-40,-39,290,0,0,0
-40,-40,290,0,0,0
-40,-41,290,0,0,0
-40,-42,290,0,0,0
-40,-43,290,0,0,0
-40,-44,290,0,0,0
-40,-45,290,0,0,0
-40,-46,290,0,0,0
-40,-47,290,0,0,0
-40,-48,290,0,0,0
-40,-49,290,0,0,0
-40,-50,290,0,0,0
-41,0,290,0,0,0
-41,-1,290,0,0,0
-41,-2,290,0,0,0
-41,-3,290,0,0,0
-41,-4,290,0,0,0
-41,-5,290,0,0,0
-41,-6,290,0,0,0
-41,-7,290,0,0,0
-41,-8,290,0,0,0
-41,-9,290,0,0,0
-41,-10,290,0,0,0
-41,-11,290,0,0,0
-41,-12,290,0,0,0
-41,-13,290,0,0,0
-41,-14,290,0,0,0
-41,-15,290,0,0,0
-41,-16,290,0,0,0
-41,-17,290,0,0,0
-41,-18,290,0,0,0
-41,-19,290,0,0,0
-41,-20,290,0,0,0
-41,-21,290,0,0,0
-41,-22,290,0,0,0
-41,-23,290,0,0,0
-41,-24,290,0,0,0
-41,-25,290,0,0,0
-41,-26,290,0,0,0
-41,-27,290,0,0,0
-41,-28,290,0,0,0
-41,-29,290,0,0,0
-41,-30,290,0,0,0
-41,-31,290,0,0,0
-41,-32,290,0,0,0
-41,-33,290,0,0,0
-41,-34,290,0,0,0
-41,-35,290,0,0,0
-41,-36,290,0,0,0
-41,-37,290,0,0,0
-41,-38,290,0,0,0
-41,-39,290,0,0,0
-41,-40,290,0,0,0
-41,-41,290,0,0,0
-41,-42,290,0,0,0
-41,-43,290,0,0,0
-41,-44,290,0,0,0
-41,-45,290,0,0,0
-41,-46,290,0,0,0
-41,-47,290,0,0,0
-41,-48,290,0,0,0
-41,-49,290,0,0,0
-41,-50,290,0,0,0
-42,0,290,0,0,0
-42,-1,290,0,0,0
-42,-2,290,0,0,0
-42,-3,290,0,0,0
-42,-4,290,0,0,0
-42,-5,290,0,0,0
-42,-6,290,0,0,0
-42,-7,290,0,0,0
-42,-8,290,0,0,0
-42,-9,290,0,0,0
-42,-10,290,0,0,0
-42,-11,290,0,0,0
-42,-12,290,0,0,0
-42,-13,290,0,0,0
-42,-14,290,0,0,0
-42,-15,290,0,0,0
-42,-16,290,0,0,0
-42,-17,290,0,0,0
-42,-18,290,0,0,0
-42,-19,290,0,0,0
-42,-20,290,0,0,0
-42,-21,290,0,0,0
-42,-22,290,0,0,0
-42,-23,290,0,0,0
-42,-24,290,0,0,0
-42,-25,290,0,0,0
-42,-26,290,0,0,0
-42,-27,290,0,0,0
-42,-28,290,0,0,0
-42,-29,290,0,0,0
-42,-30,290,0,0,0
-42,-31,290,0,0,0
-42,-32,290,0,0,0
-42,-33,290,0,0,0
-42,-34,290,0,0,0
-42,-35,290,0,0,0
-42,-36,290,0,0,0
-42,-37,290,0,0,0
-42,-38,290,0,0,0
-42,-39,290,0,0,0
-42,-40,290,0,0,0
-42,-41,290,0,0,0
-42,-42,290,0,0,0
-42,-43,290,0,0,0
-42,-44,290,0,0,0
-42,-45,290,0,0,0
-42,-46,290,0,0,0
-42,-47,290,0,0,0
-42,-48,290,0,0,0
-42,-49,290,0,0,0
-42,-50,290,0,0,0
-43,0,290,0,0,0
-43,-1,290,0,0,0
-43,-2,290,0,0,0
-43,-3,290,0,0,0
-43,-4,290,0,0,0
-43,-5,290,0,0,0
-43,-6,290,0,0,0
-43,-7,290,0,0,0
-43,-8,290,0,0,0
-43,-9,290,0,0,0
-43,-10,290,0,0,0
-43,-11,290,0,0,0
-43,-12,290,0,0,0
-43,-13,290,0,0,0
-43,-14,290,0,0,0
-43,-15,290,0,0,0
-43,-16,290,0,0,0
-43,-17,290,0,0,0
-43,-18,290,0,0,0
-43,-19,290,0,0,0
-43,-20,290,0,0,0
-43,-21,290,0,0,0
-43,-22,290,0,0,0
-43,-23,290,0,0,0
-43,-24,290,0,0,0
-43,-25,290,0,0,0
-43,-26,290,0,0,0
-43,-27,290,0,0,0
-43,-28,290,0,0,0
-43,-29,290,0,0,0
-43,-30,290,0,0,0
-43,-31,290,0,0,0
-43,-32,290,0,0,0
-43,-33,290,0,0,0
-43,-34,290,0,0,0
-43,-35,290,0,0,0
-43,-36,290,0,0,0
-43,-37,290,0,0,0
-43,-38,290,0,0,0
-43,-39,290,0,0,0
-43,-40,290,0,0,0
-43,-41,290,0,0,0
-43,-42,290,0,0,0
-43,-43,290,0,0,0
-43,-44,290,0,0,0
-43,-45,290,0,0,0
-43,-46,290,0,0,0
-43,-47,290,0,0,0
-43,-48,290,0,0,0
-43,-49,290,0,0,0
-43,-50,290,0,0,0
-44,0,290,0,0,0
-44,-1,290,0,0,0
-44,-2,290,0,0,0
-44,-3,290,0,0,0
-44,-4,290,0,0,0
-44,-5,290,0,0,0
-44,-6,290,0,0,0
-44,-7,290,0,0,0
-44,-8,290,0,0,0
-44,-9,290,0,0,0
-44,-10,290,0,0,0
-44,-11,290,0,0,0
-44,-12,290,0,0,0
-44,-13,290,0,0,0
-44,-14,290,0,0,0
-44,-15,290,0,0,0
-44,-16,290,0,0,0
-44,-17,290,0,0,0
-44,-18,290,0,0,0
-44,-19,290,0,0,0
-44,-20,290,0,0,0
-44,-21,290,0,0,0
-44,-22,290,0,0,0
-44,-23,290,0,0,0
-44,-24,290,0,0,0
-44,-25,290,0,0,0
-44,-26,290,0,0,0
-44,-27,290,0,0,0
-44,-28,290,0,0,0
-44,-29,290,0,0,0
-44,-30,290,0,0,0
-44,-31,290,0,0,0
-44,-32,290,0,0,0
-44,-33,290,0,0,0
-44,-34,290,0,0,0
-44,-35,290,0,0,0
-44,-36,290,0,0,0
-44,-37,290,0,0,0
-44,-38,290,0,0,0
-44,-39,290,0,0,0
-44,-40,290,0,0,0
-44,-41,290,0,0,0
-44,-42,290,0,0,0
-44,-43,290,0,0,0
-44,-44,290,0,0,0
-44,-45,290,0,0,0
-44,-46,290,0,0,0
-44,-47,290,0,0,0
-44,-48,290,0,0,0
-44,-49,290,0,0,0
-44,-50,290,0,0,0
-45,0,290,0,0,0
-45,-1,290,0,0,0
-45,-2,290,0,0,0
-45,-3,290,0,0,0
-45,-4,290,0,0,0
-45,-5,290,0,0,0
-45,-6,290,0,0,0
-45,-7,290,0,0,0
-45,-8,290,0,0,0
-45,-9,290,0,0,0
-45,-10,290,0,0,0
-45,-11,290,0,0,0
-45,-12,290,0,0,0
-45,-13,290,0,0,0
-45,-14,290,0,0,0
-45,-15,290,0,0,0
-45,-16,290,0,0,0
-45,-17,290,0,0,0
-45,-18,290,0,0,0
-45,-19,290,0,0,0
-45,-20,290,0,0,0
-45,-21,290,0,0,0
-45,-22,290,0,0,0
-45,-23,290,0,0,0
-45,-24,290,0,0,0
-45,-25,290,0,0,0
-45,-26,290,0,0,0
-45,-27,290,0,0,0
-45,-28,290,0,0,0
-45,-29,290,0,0,0
-45,-30,290,0,0,0
-45,-31,290,0,0,0
-45,-32,290,0,0,0
-45,-33,290,0,0,0
-45,-34,290,0,0,0
-45,-35,290,0,0,0
-45,-36,290,0,0,0
-45,-37,290,0,0,0
-45,-38,290,0,0,0
-45,-39,290,0,0,0
-45,-40,290,0,0,0
-45,-41,290,0,0,0
-45,-42,290,0,0,0
-45,-43,290,0,0,0
-45,-44,290,0,0,0
-45,-45,290,0,0,0
-45,-46,290,0,0,0
-45,-47,290,0,0,0
-45,-48,290,0,0,0
-45,-49,290,0,0,0
-45,-50,290,0,0,0
-46,0,290,0,0,0
-46,-1,290,0,0,0
-46,-2,290,0,0,0
-46,-3,290,0,0,0
-46,-4,290,0,0,0
-46,-5,290,0,0,0
-46,-6,290,0,0,0
-46,-7,290,0,0,0
-46,-8,290,0,0,0
-46,-9,290,0,0,0
-46,-10,290,0,0,0
-46,-11,290,0,0,0
-46,-12,290,0,0,0
-46,-13,290,0,0,0
-46,-14,290,0,0,0
-46,-15,290,0,0,0
-46,-16,290,0,0,0
-46,-17,290,0,0,0
-46,-18,290,0,0,0
-46,-19,290,0,0,0
-46,-20,290,0,0,0
-46,-21,290,0,0,0
-46,-22,290,0,0,0
-46,-23,290,0,0,0
-46,-24,290,0,0,0
-46,-25,290,0,0,0
-46,-26,290,0,0,0
-46,-27,290,0,0,0
-46,-28,290,0,0,0
-46,-29,290,0,0,0
-46,-30,290,0,0,0
-46,-31,290,0,0,0
-46,-32,290,0,0,0
-46,-33,290,0,0,0
-46,-34,290,0,0,0
-46,-35,290,0,0,0
-46,-36,290,0,0,0
-46,-37,290,0,0,0
-46,-38,290,0,0,0
-46,-39,290,0,0,0
-46,-40,290,0,0,0
-46,-41,290,0,0,0
-46,-42,290,0,0,0
-46,-43,290,0,0,0
-46,-44,290,0,0,0
-46,-45,290,0,0,0
-46,-46,290,0,0,0
-46,-47,290,0,0,0
-46,-48,290,0,0,0
-46,-49,290,0,0,0
-46,-50,290,0,0,0
-47,0,290,0,0,0
-47,-1,290,0,0,0
-47,-2,290,0,0,0
-47,-3,290,0,0,0
-47,-4,290,0,0,0
-47,-5,290,0,0,0
-47,-6,290,0,0,0
-47,-7,290,0,0,0
-47,-8,290,0,0,0
-47,-9,290,0,0,0
-47,-10,290,0,0,0
-47,-11,290,0,0,0
-47,-12,290,0,0,0
-47,-13,290,0,0,0
-47,-14,290,0,0,0
-47,-15,290,0,0,0
-47,-16,290,0,0,0
-47,-17,290,0,0,0
-47,-18,290,0,0,0
-47,-19,290,0,0,0
-47,-20,290,0,0,0
-47,-21,290,0,0,0
-47,-22,290,0,0,0
-47,-23,290,0,0,0
-47,-24,290,0,0,0
-47,-25,290,0,0,0
-47,-26,290,0,0,0
-47,-27,290,0,0,0
-47,-28,290,0,0,0
-47,-29,290,0,0,0
-47,-30,290,0,0,0
-47,-31,290,0,0,0
-47,-32,290,0,0,0
-47,-33,290,0,0,0
-47,-34,290,0,0,0
-47,-35,290,0,0,0
-47,-36,290,0,0,0
-47,-37,290,0,0,0
-47,-38,290,0,0,0
-47,-39,290,0,0,0
-47,-40,290,0,0,0
-47,-41,290,0,0,0
-47,-42,290,0,0,0
-47,-43,290,0,0,0
-47,-44,290,0,0,0
-47,-45,290,0,0,0
-47,-46,290,0,0,0
-47,-47,290,0,0,0
-47,-48,290,0,0,0
-47,-49,290,0,0,0
-47,-50,290,0,0,0
-48,0,290,0,0,0
-48,-1,290,0,0,0
-48,-2,290,0,0,0
-48,-3,290,0,0,0
-48,-4,290,0,0,0
-48,-5,290,0,0,0
-48,-6,290,0,0,0
-48,-7,290,0,0,0
-48,-8,290,0,0,0
-48,-9,290,0,0,0
-48,-10,290,0,0,0
-48,-11,290,0,0,0
-48,-12,290,0,0,0
-48,-13,290,0,0,0
-48,-14,290,0,0,0
-48,-15,290,0,0,0
-48,-16,290,0,0,0
-48,-17,290,0,0,0
-48,-18,290,0,0,0
-48,-19,290,0,0,0
-48,-20,290,0,0,0
-48,-21,290,0,0,0
-48,-22,290,0,0,0
-48,-23,290,0,0,0
-48,-24,290,0,0,0
-48,-25,290,0,0,0
-48,-26,290,0,0,0
-48,-27,290,0,0,0
-48,-28,290,0,0,0
-48,-29,290,0,0,0
-48,-30,290,0,0,0
-48,-31,290,0,0,0
-48,-32,290,0,0,0
-48,-33,290,0,0,0
-48,-34,290,0,0,0
-48,-35,290,0,0,0
-48,-36,290,0,0,0
-48,-37,290,0,0,0
-48,-38,290,0,0,0
-48,-39,290,0,0,0
-48,-40,290,0,0,0
-48,-41,290,0,0,0
-48,-42,290,0,0,0
-48,-43,290,0,0,0
-48,-44,290,0,0,0
-48,-45,290,0,0,0
-48,-46,290,0,0,0
-48,-47,290,0,0,0
-48,-48,290,0,0,0
-48,-49,290,0,0,0
-48,-50,290,0,0,0
-49,0,290,0,0,0
-49,-1,290,0,0,0
-49,-2,290,0,0,0
-49,-3,290,0,0,0
-49,-4,290,0,0,0
-49,-5,290,0,0,0
-49,-6,290,0,0,0
-49,-7,290,0,0,0
-49,-8,290,0,0,0
-49,-9,290,0,0,0
-49,-10,290,0,0,0
-49,-11,290,0,0,0
-49,-12,290,0,0,0
-49,-13,290,0,0,0
-49,-14,290,0,0,0
-49,-15,290,0,0,0
-49,-16,290,0,0,0
-49,-17,290,0,0,0
-49,-18,290,0,0,0
-49,-19,290,0,0,0
-49,-20,290,0,0,0
-49,-21,290,0,0,0
-49,-22,290,0,0,0
-49,-23,290,0,0,0
-49,-24,290,0,0,0
-49,-25,290,0,0,0
-49,-26,290,0,0,0
-49,-27,290,0,0,0
-49,-28,290,0,0,0
-49,-29,290,0,0,0
-49,-30,290,0,0,0
-49,-31,290,0,0,0
-49,-32,290,0,0,0
-49,-33,290,0,0,0
-49,-34,290,0,0,0
-49,-35,290,0,0,0
-49,-36,290,0,0,0
-49,-37,290,0,0,0
-49,-38,290,0,0,0
-49,-39,290,0,0,0
-49,-40,290,0,0,0
-49,-41,290,0,0,0
-49,-42,290,0,0,0
-49,-43,290,0,0,0
-49,-44,290,0,0,0
-49,-45,290,0,0,0
-49,-46,290,0,0,0
-49,-47,290,0,0,0
-49,-48,290,0,0,0
-49,-49,290,0,0,0
-49,-50,290,0,0,0
-50,0,290,0,0,0
-50,-1,290,0,0,0
-50,-2,290,0,0,0
-50,-3,290,0,0,0
-50,-4,290,0,0,0
-50,-5,290,0,0,0
-50,-6,290,0,0,0
-50,-7,290,0,0,0
-50,-8,290,0,0,0
-50,-9,290,0,0,0
-50,-10,290,0,0,0
-50,-11,290,0,0,0
-50,-12,290,0,0,0
-50,-13,290,0,0,0
-50,-14,290,0,0,0
-50,-15,290,0,0,0
-50,-16,290,0,0,0
-50,-17,290,0,0,0
-50,-18,290,0,0,0
-50,-19,290,0,0,0
-50,-20,290,0,0,0
-50,-21,290,0,0,0
-50,-22,290,0,0,0
-50,-23,290,0,0,0
-50,-24,290,0,0,0
-50,-25,290,0,0,0
-50,-26,290,0,0,0
-50,-27,290,0,0,0
-50,-28,290,0,0,0
-50,-29,290,0,0,0
-50,-30,290,0,0,0
-50,-31,290,0,0,0
-50,-32,290,0,0,0
-50,-33,290,0,0,0
-50,-34,290,0,0,0
-50,-35,290,0,0,0
-50,-36,290,0,0,0
-50,-37,290,0,0,0
-50,-38,290,0,0,0
-50,-39,290,0,0,0
-50,-40,290,0,0,0
-50,-41,290,0,0,0
-50,-42,290,0,0,0
-50,-43,290,0,0,0
-50,-44,290,0,0,0
-50,-45,290,0,0,0
-50,-46,290,0,0,0
-50,-47,290,0,0,0
-50,-48,290,0,0,0
-50,-49,290,0,0,0
-50,-50,290,0,0,0
